Festival_Name/Sale_Name(platform),Start_date,End_date
Amazon Republic Day Sale (Amazon),13-01-2025,19-01-2025
Flipkart Republic Day Sale (Flipkart),13-01-2025,19-01-2025
Makar Sankranti (Festival),14-01-2025,14-01-2025
Shopify Merchant Republic Day Sale Window (Shopify),20-01-2025,26-01-2025
Maha Shivaratri (Festival),26-02-2025,26-02-2025
Myntra Birthday Blast (Myntra),01-03-2025,15-03-2025
Holi (Festival),14-03-2025,14-03-2025
Eid al-Fitr (Festival),31-03-2025,31-03-2025
Ram Navami (Festival),06-04-2025,06-04-2025
Akshaya Tritiya (Festival),30-04-2025,30-04-2025
Amazon Great Summer Sale (Amazon),01-05-2025,08-05-2025
Flipkart Big Saving Days (Flipkart),01-05-2025,08-05-2025
Myntra End of Reason Sale - Summer (Myntra),05-06-2025,12-06-2025
Bakrid / Eid al-Adha (Festival),07-06-2025,07-06-2025
Muharram (Festival),06-07-2025,06-07-2025
Amazon Prime Day (Amazon),12-07-2025,14-07-2025
Flipkart GOAT Sale (Flipkart),13-07-2025,17-07-2025
Amazon Independence/Freedom Sale (Amazon),05-08-2025,10-08-2025
Flipkart Freedom Sale (Flipkart),05-08-2025,10-08-2025
Meesho Independence Sale (Meesho),08-08-2025,14-08-2025
Shopify Merchant Independence Sale Window (Shopify),08-08-2025,15-08-2025
Raksha Bandhan (Festival),09-08-2025,09-08-2025
Janmashtami (Festival),16-08-2025,16-08-2025
Ganesh Chaturthi (Festival),27-08-2025,06-09-2025
Onam (Festival),05-09-2025,05-09-2025
Meesho Mega Blockbuster Sale (Meesho),19-09-2025,27-09-2025
Myntra Big Fashion Festival (Myntra),20-09-2025,05-10-2025
Navratri (Festival),22-09-2025,01-10-2025
Amazon Great Indian Festival (Amazon),23-09-2025,20-10-2025
Flipkart Big Billion Days (Flipkart),23-09-2025,30-09-2025
Shopify Merchant Festive/Diwali Sale Window (Shopify),01-10-2025,23-10-2025
Dussehra (Festival),02-10-2025,02-10-2025
Flipkart Diwali Sale (Flipkart),16-10-2025,23-10-2025
Meesho Diwali Sale (Meesho),16-10-2025,23-10-2025
Diwali (Festival),20-10-2025,23-10-2025
Bhai Dooj (Festival),23-10-2025,23-10-2025
Chhath Puja (Festival),25-10-2025,28-10-2025
Guru Nanak Jayanti (Festival),05-11-2025,05-11-2025
Amazon Black Friday Sale (Amazon),21-11-2025,30-11-2025
Shopify Merchant Black Friday/Cyber Monday Window (Shopify),24-11-2025,01-12-2025
Myntra End of Reason Sale - Winter (Myntra),05-12-2025,10-12-2025
Meesho Christmas Sale (Meesho),20-12-2025,26-12-2025
Christmas (Festival),25-12-2025,25-12-2025
Makar Sankranti (Festival),14-01-2026,14-01-2026
Amazon Republic Day Sale (Amazon),20-01-2026,26-01-2026
Flipkart Republic Day Sale (Flipkart),20-01-2026,26-01-2026
Shopify Merchant Republic Day Sale Window (Shopify),20-01-2026,26-01-2026
Maha Shivaratri (Festival),15-02-2026,15-02-2026
Myntra Birthday Blast (Myntra),01-03-2026,15-03-2026
Holi (Festival),04-03-2026,04-03-2026
Eid al-Fitr (Festival),21-03-2026,21-03-2026
Ram Navami (Festival),26-03-2026,26-03-2026
Akshaya Tritiya (Festival),19-04-2026,19-04-2026
Amazon Great Summer Sale (Amazon),01-05-2026,08-05-2026
Flipkart Big Saving Days (Flipkart),01-05-2026,08-05-2026
Bakrid / Eid al-Adha (Festival),27-05-2026,27-05-2026
Myntra End of Reason Sale - Summer (Myntra),01-06-2026,10-06-2026
Muharram (Festival),26-06-2026,26-06-2026
Flipkart GOAT Sale (Flipkart),12-07-2026,17-07-2026
Amazon Prime Day (Amazon),15-07-2026,17-07-2026
Amazon Independence/Freedom Sale (Amazon),08-08-2026,15-08-2026
Flipkart Freedom Sale (Flipkart),08-08-2026,15-08-2026
Meesho Independence Sale (Meesho),08-08-2026,14-08-2026
Shopify Merchant Independence Sale Window (Shopify),08-08-2026,15-08-2026
Onam (Festival),26-08-2026,26-08-2026
Raksha Bandhan (Festival),28-08-2026,28-08-2026
Janmashtami (Festival),04-09-2026,04-09-2026
Ganesh Chaturthi (Festival),14-09-2026,25-09-2026
Meesho Mega Blockbuster Sale (Meesho),19-09-2026,27-09-2026
Myntra Big Fashion Festival (Myntra),20-09-2026,05-10-2026
Flipkart Big Billion Days (Flipkart),23-09-2026,02-10-2026
Shopify Merchant Festive/Diwali Sale Window (Shopify),01-10-2026,23-10-2026
Amazon Great Indian Festival (Amazon),05-10-2026,15-10-2026
Navratri (Festival),11-10-2026,20-10-2026
Flipkart Diwali Sale (Flipkart),15-10-2026,23-10-2026
Meesho Diwali Sale (Meesho),15-10-2026,23-10-2026
Dussehra (Festival),20-10-2026,20-10-2026
Diwali (Festival),08-11-2026,11-11-2026
Bhai Dooj (Festival),11-11-2026,11-11-2026
Chhath Puja (Festival),15-11-2026,15-11-2026
Amazon Black Friday Sale (Amazon),24-11-2026,30-11-2026
Guru Nanak Jayanti (Festival),24-11-2026,24-11-2026
Shopify Merchant Black Friday/Cyber Monday Window (Shopify),24-11-2026,01-12-2026
Myntra End of Reason Sale - Winter (Myntra),01-12-2026,07-12-2026
Meesho Christmas Sale (Meesho),20-12-2026,26-12-2026
Christmas (Festival),25-12-2026,25-12-2026
Makar Sankranti (Festival),15-01-2027,15-01-2027
Amazon Republic Day Sale (Amazon),20-01-2027,26-01-2027
Flipkart Republic Day Sale (Flipkart),20-01-2027,26-01-2027
Shopify Merchant Republic Day Sale Window (Shopify),20-01-2027,26-01-2027
Myntra Birthday Blast (Myntra),01-03-2027,15-03-2027
Maha Shivaratri (Festival),06-03-2027,06-03-2027
Eid al-Fitr (Festival),10-03-2027,10-03-2027
Holi (Festival),22-03-2027,22-03-2027
Ram Navami (Festival),15-04-2027,15-04-2027
Amazon Great Summer Sale (Amazon),01-05-2027,08-05-2027
Flipkart Big Saving Days (Flipkart),01-05-2027,08-05-2027
Akshaya Tritiya (Festival),09-05-2027,09-05-2027
Bakrid / Eid al-Adha (Festival),17-05-2027,17-05-2027
Myntra End of Reason Sale - Summer (Myntra),01-06-2027,10-06-2027
Muharram (Festival),16-06-2027,16-06-2027
Flipkart GOAT Sale (Flipkart),12-07-2027,17-07-2027
Amazon Prime Day (Amazon),15-07-2027,17-07-2027
Amazon Independence/Freedom Sale (Amazon),08-08-2027,15-08-2027
Flipkart Freedom Sale (Flipkart),08-08-2027,15-08-2027
Meesho Independence Sale (Meesho),08-08-2027,14-08-2027
Shopify Merchant Independence Sale Window (Shopify),08-08-2027,15-08-2027
Raksha Bandhan (Festival),17-08-2027,17-08-2027
Janmashtami (Festival),25-08-2027,25-08-2027
Ganesh Chaturthi (Festival),04-09-2027,13-09-2027
Onam (Festival),12-09-2027,12-09-2027
Myntra Big Fashion Festival (Myntra),18-09-2027,03-10-2027
Meesho Mega Blockbuster Sale (Meesho),19-09-2027,27-09-2027
Flipkart Big Billion Days (Flipkart),21-09-2027,30-09-2027
Amazon Great Indian Festival (Amazon),28-09-2027,08-10-2027
Navratri (Festival),30-09-2027,08-10-2027
Shopify Merchant Festive/Diwali Sale Window (Shopify),01-10-2027,23-10-2027
Dussehra (Festival),09-10-2027,09-10-2027
Flipkart Diwali Sale (Flipkart),15-10-2027,23-10-2027
Meesho Diwali Sale (Meesho),15-10-2027,23-10-2027
Diwali (Festival),29-10-2027,01-11-2027
Bhai Dooj (Festival),31-10-2027,31-10-2027
Chhath Puja (Festival),04-11-2027,04-11-2027
Guru Nanak Jayanti (Festival),14-11-2027,14-11-2027
Amazon Black Friday Sale (Amazon),24-11-2027,30-11-2027
Shopify Merchant Black Friday/Cyber Monday Window (Shopify),24-11-2027,01-12-2027
Myntra End of Reason Sale - Winter (Myntra),01-12-2027,07-12-2027
Meesho Christmas Sale (Meesho),20-12-2027,26-12-2027
Christmas (Festival),25-12-2027,25-12-2027
Makar Sankranti (Festival),15-01-2028,15-01-2028
Amazon Republic Day Sale (Amazon),20-01-2028,26-01-2028
Flipkart Republic Day Sale (Flipkart),20-01-2028,26-01-2028
Shopify Merchant Republic Day Sale Window (Shopify),20-01-2028,26-01-2028
Maha Shivaratri (Festival),23-02-2028,23-02-2028
Eid al-Fitr (Festival),27-02-2028,27-02-2028
Myntra Birthday Blast (Myntra),01-03-2028,15-03-2028
Holi (Festival),11-03-2028,11-03-2028
Ram Navami (Festival),03-04-2028,03-04-2028
Akshaya Tritiya (Festival),27-04-2028,27-04-2028
Amazon Great Summer Sale (Amazon),01-05-2028,08-05-2028
Flipkart Big Saving Days (Flipkart),01-05-2028,08-05-2028
Bakrid / Eid al-Adha (Festival),06-05-2028,06-05-2028
Myntra End of Reason Sale - Summer (Myntra),01-06-2028,10-06-2028
Muharram (Festival),04-06-2028,04-06-2028
Flipkart GOAT Sale (Flipkart),12-07-2028,17-07-2028
Amazon Prime Day (Amazon),15-07-2028,17-07-2028
Raksha Bandhan (Festival),05-08-2028,05-08-2028
Amazon Independence/Freedom Sale (Amazon),08-08-2028,15-08-2028
Flipkart Freedom Sale (Flipkart),08-08-2028,15-08-2028
Meesho Independence Sale (Meesho),08-08-2028,14-08-2028
Shopify Merchant Independence Sale Window (Shopify),08-08-2028,15-08-2028
Janmashtami (Festival),13-08-2028,13-08-2028
Ganesh Chaturthi (Festival),23-08-2028,01-09-2028
Onam (Festival),01-09-2028,01-09-2028
Myntra Big Fashion Festival (Myntra),16-09-2028,01-10-2028
Flipkart Big Billion Days (Flipkart),19-09-2028,28-09-2028
Meesho Mega Blockbuster Sale (Meesho),19-09-2028,27-09-2028
Navratri (Festival),19-09-2028,27-09-2028
Amazon Great Indian Festival (Amazon),26-09-2028,06-10-2028
Dussehra (Festival),27-09-2028,27-09-2028
Shopify Merchant Festive/Diwali Sale Window (Shopify),01-10-2028,23-10-2028
Flipkart Diwali Sale (Flipkart),15-10-2028,23-10-2028
Meesho Diwali Sale (Meesho),15-10-2028,23-10-2028
Diwali (Festival),17-10-2028,20-10-2028
Bhai Dooj (Festival),19-10-2028,19-10-2028
Chhath Puja (Festival),23-10-2028,23-10-2028
Guru Nanak Jayanti (Festival),02-11-2028,02-11-2028
Amazon Black Friday Sale (Amazon),24-11-2028,30-11-2028
Shopify Merchant Black Friday/Cyber Monday Window (Shopify),24-11-2028,01-12-2028
Myntra End of Reason Sale - Winter (Myntra),01-12-2028,07-12-2028
Meesho Christmas Sale (Meesho),20-12-2028,26-12-2028
Christmas (Festival),25-12-2028,25-12-2028
